[
    {
        "value": "Africa\/Abidjan",
        "label": "UTC+00:00 (Africa\/Abidjan)"
    },
    {
        "value": "Africa\/Accra",
        "label": "UTC+00:00 (Africa\/Accra)"
    },
    {
        "value": "Africa\/Addis_Ababa",
        "label": "UTC+03:00 (Africa\/Addis_Ababa)"
    },
    {
        "value": "Africa\/Algiers",
        "label": "UTC+01:00 (Africa\/Algiers)"
    },
    {
        "value": "Africa\/Asmara",
        "label": "UTC+03:00 (Africa\/Asmara)"
    },
    {
        "value": "Africa\/Bamako",
        "label": "UTC+00:00 (Africa\/Bamako)"
    },
    {
        "value": "Africa\/Bangui",
        "label": "UTC+01:00 (Africa\/Bangui)"
    },
    {
        "value": "Africa\/Banjul",
        "label": "UTC+00:00 (Africa\/Banjul)"
    },
    {
        "value": "Africa\/Bissau",
        "label": "UTC+00:00 (Africa\/Bissau)"
    },
    {
        "value": "Africa\/Blantyre",
        "label": "UTC+02:00 (Africa\/Blantyre)"
    },
    {
        "value": "Africa\/Brazzaville",
        "label": "UTC+01:00 (Africa\/Brazzaville)"
    },
    {
        "value": "Africa\/Bujumbura",
        "label": "UTC+02:00 (Africa\/Bujumbura)"
    },
    {
        "value": "Africa\/Cairo",
        "label": "UTC+03:00 (Africa\/Cairo)"
    },
    {
        "value": "Africa\/Casablanca",
        "label": "UTC+01:00 (Africa\/Casablanca)"
    },
    {
        "value": "Africa\/Ceuta",
        "label": "UTC+02:00 (Africa\/Ceuta)"
    },
    {
        "value": "Africa\/Conakry",
        "label": "UTC+00:00 (Africa\/Conakry)"
    },
    {
        "value": "Africa\/Dakar",
        "label": "UTC+00:00 (Africa\/Dakar)"
    },
    {
        "value": "Africa\/Dar_es_Salaam",
        "label": "UTC+03:00 (Africa\/Dar_es_Salaam)"
    },
    {
        "value": "Africa\/Djibouti",
        "label": "UTC+03:00 (Africa\/Djibouti)"
    },
    {
        "value": "Africa\/Douala",
        "label": "UTC+01:00 (Africa\/Douala)"
    },
    {
        "value": "Africa\/El_Aaiun",
        "label": "UTC+01:00 (Africa\/El_Aaiun)"
    },
    {
        "value": "Africa\/Freetown",
        "label": "UTC+00:00 (Africa\/Freetown)"
    },
    {
        "value": "Africa\/Gaborone",
        "label": "UTC+02:00 (Africa\/Gaborone)"
    },
    {
        "value": "Africa\/Harare",
        "label": "UTC+02:00 (Africa\/Harare)"
    },
    {
        "value": "Africa\/Johannesburg",
        "label": "UTC+02:00 (Africa\/Johannesburg)"
    },
    {
        "value": "Africa\/Juba",
        "label": "UTC+02:00 (Africa\/Juba)"
    },
    {
        "value": "Africa\/Kampala",
        "label": "UTC+03:00 (Africa\/Kampala)"
    },
    {
        "value": "Africa\/Khartoum",
        "label": "UTC+02:00 (Africa\/Khartoum)"
    },
    {
        "value": "Africa\/Kigali",
        "label": "UTC+02:00 (Africa\/Kigali)"
    },
    {
        "value": "Africa\/Kinshasa",
        "label": "UTC+01:00 (Africa\/Kinshasa)"
    },
    {
        "value": "Africa\/Lagos",
        "label": "UTC+01:00 (Africa\/Lagos)"
    },
    {
        "value": "Africa\/Libreville",
        "label": "UTC+01:00 (Africa\/Libreville)"
    },
    {
        "value": "Africa\/Lome",
        "label": "UTC+00:00 (Africa\/Lome)"
    },
    {
        "value": "Africa\/Luanda",
        "label": "UTC+01:00 (Africa\/Luanda)"
    },
    {
        "value": "Africa\/Lubumbashi",
        "label": "UTC+02:00 (Africa\/Lubumbashi)"
    },
    {
        "value": "Africa\/Lusaka",
        "label": "UTC+02:00 (Africa\/Lusaka)"
    },
    {
        "value": "Africa\/Malabo",
        "label": "UTC+01:00 (Africa\/Malabo)"
    },
    {
        "value": "Africa\/Maputo",
        "label": "UTC+02:00 (Africa\/Maputo)"
    },
    {
        "value": "Africa\/Maseru",
        "label": "UTC+02:00 (Africa\/Maseru)"
    },
    {
        "value": "Africa\/Mbabane",
        "label": "UTC+02:00 (Africa\/Mbabane)"
    },
    {
        "value": "Africa\/Mogadishu",
        "label": "UTC+03:00 (Africa\/Mogadishu)"
    },
    {
        "value": "Africa\/Monrovia",
        "label": "UTC+00:00 (Africa\/Monrovia)"
    },
    {
        "value": "Africa\/Nairobi",
        "label": "UTC+03:00 (Africa\/Nairobi)"
    },
    {
        "value": "Africa\/Ndjamena",
        "label": "UTC+01:00 (Africa\/Ndjamena)"
    },
    {
        "value": "Africa\/Niamey",
        "label": "UTC+01:00 (Africa\/Niamey)"
    },
    {
        "value": "Africa\/Nouakchott",
        "label": "UTC+00:00 (Africa\/Nouakchott)"
    },
    {
        "value": "Africa\/Ouagadougou",
        "label": "UTC+00:00 (Africa\/Ouagadougou)"
    },
    {
        "value": "Africa\/Porto-Novo",
        "label": "UTC+01:00 (Africa\/Porto-Novo)"
    },
    {
        "value": "Africa\/Sao_Tome",
        "label": "UTC+00:00 (Africa\/Sao_Tome)"
    },
    {
        "value": "Africa\/Tripoli",
        "label": "UTC+02:00 (Africa\/Tripoli)"
    },
    {
        "value": "Africa\/Tunis",
        "label": "UTC+01:00 (Africa\/Tunis)"
    },
    {
        "value": "Africa\/Windhoek",
        "label": "UTC+02:00 (Africa\/Windhoek)"
    },
    {
        "value": "America\/Adak",
        "label": "UTC-09:00 (America\/Adak)"
    },
    {
        "value": "America\/Anchorage",
        "label": "UTC-08:00 (America\/Anchorage)"
    },
    {
        "value": "America\/Anguilla",
        "label": "UTC-04:00 (America\/Anguilla)"
    },
    {
        "value": "America\/Antigua",
        "label": "UTC-04:00 (America\/Antigua)"
    },
    {
        "value": "America\/Araguaina",
        "label": "UTC-03:00 (America\/Araguaina)"
    },
    {
        "value": "America\/Argentina\/Buenos_Aires",
        "label": "UTC-03:00 (America\/Argentina\/Buenos_Aires)"
    },
    {
        "value": "America\/Argentina\/Catamarca",
        "label": "UTC-03:00 (America\/Argentina\/Catamarca)"
    },
    {
        "value": "America\/Argentina\/Cordoba",
        "label": "UTC-03:00 (America\/Argentina\/Cordoba)"
    },
    {
        "value": "America\/Argentina\/Jujuy",
        "label": "UTC-03:00 (America\/Argentina\/Jujuy)"
    },
    {
        "value": "America\/Argentina\/La_Rioja",
        "label": "UTC-03:00 (America\/Argentina\/La_Rioja)"
    },
    {
        "value": "America\/Argentina\/Mendoza",
        "label": "UTC-03:00 (America\/Argentina\/Mendoza)"
    },
    {
        "value": "America\/Argentina\/Rio_Gallegos",
        "label": "UTC-03:00 (America\/Argentina\/Rio_Gallegos)"
    },
    {
        "value": "America\/Argentina\/Salta",
        "label": "UTC-03:00 (America\/Argentina\/Salta)"
    },
    {
        "value": "America\/Argentina\/San_Juan",
        "label": "UTC-03:00 (America\/Argentina\/San_Juan)"
    },
    {
        "value": "America\/Argentina\/San_Luis",
        "label": "UTC-03:00 (America\/Argentina\/San_Luis)"
    },
    {
        "value": "America\/Argentina\/Tucuman",
        "label": "UTC-03:00 (America\/Argentina\/Tucuman)"
    },
    {
        "value": "America\/Argentina\/Ushuaia",
        "label": "UTC-03:00 (America\/Argentina\/Ushuaia)"
    },
    {
        "value": "America\/Aruba",
        "label": "UTC-04:00 (America\/Aruba)"
    },
    {
        "value": "America\/Asuncion",
        "label": "UTC-04:00 (America\/Asuncion)"
    },
    {
        "value": "America\/Atikokan",
        "label": "UTC-05:00 (America\/Atikokan)"
    },
    {
        "value": "America\/Bahia",
        "label": "UTC-03:00 (America\/Bahia)"
    },
    {
        "value": "America\/Bahia_Banderas",
        "label": "UTC-06:00 (America\/Bahia_Banderas)"
    },
    {
        "value": "America\/Barbados",
        "label": "UTC-04:00 (America\/Barbados)"
    },
    {
        "value": "America\/Belem",
        "label": "UTC-03:00 (America\/Belem)"
    },
    {
        "value": "America\/Belize",
        "label": "UTC-06:00 (America\/Belize)"
    },
    {
        "value": "America\/Blanc-Sablon",
        "label": "UTC-04:00 (America\/Blanc-Sablon)"
    },
    {
        "value": "America\/Boa_Vista",
        "label": "UTC-04:00 (America\/Boa_Vista)"
    },
    {
        "value": "America\/Bogota",
        "label": "UTC-05:00 (America\/Bogota)"
    },
    {
        "value": "America\/Boise",
        "label": "UTC-06:00 (America\/Boise)"
    },
    {
        "value": "America\/Cambridge_Bay",
        "label": "UTC-06:00 (America\/Cambridge_Bay)"
    },
    {
        "value": "America\/Campo_Grande",
        "label": "UTC-04:00 (America\/Campo_Grande)"
    },
    {
        "value": "America\/Cancun",
        "label": "UTC-05:00 (America\/Cancun)"
    },
    {
        "value": "America\/Caracas",
        "label": "UTC-04:00 (America\/Caracas)"
    },
    {
        "value": "America\/Cayenne",
        "label": "UTC-03:00 (America\/Cayenne)"
    },
    {
        "value": "America\/Cayman",
        "label": "UTC-05:00 (America\/Cayman)"
    },
    {
        "value": "America\/Chicago",
        "label": "UTC-05:00 (America\/Chicago)"
    },
    {
        "value": "America\/Chihuahua",
        "label": "UTC-06:00 (America\/Chihuahua)"
    },
    {
        "value": "America\/Ciudad_Juarez",
        "label": "UTC-06:00 (America\/Ciudad_Juarez)"
    },
    {
        "value": "America\/Costa_Rica",
        "label": "UTC-06:00 (America\/Costa_Rica)"
    },
    {
        "value": "America\/Creston",
        "label": "UTC-07:00 (America\/Creston)"
    },
    {
        "value": "America\/Cuiaba",
        "label": "UTC-04:00 (America\/Cuiaba)"
    },
    {
        "value": "America\/Curacao",
        "label": "UTC-04:00 (America\/Curacao)"
    },
    {
        "value": "America\/Danmarkshavn",
        "label": "UTC+00:00 (America\/Danmarkshavn)"
    },
    {
        "value": "America\/Dawson",
        "label": "UTC-07:00 (America\/Dawson)"
    },
    {
        "value": "America\/Dawson_Creek",
        "label": "UTC-07:00 (America\/Dawson_Creek)"
    },
    {
        "value": "America\/Denver",
        "label": "UTC-06:00 (America\/Denver)"
    },
    {
        "value": "America\/Detroit",
        "label": "UTC-04:00 (America\/Detroit)"
    },
    {
        "value": "America\/Dominica",
        "label": "UTC-04:00 (America\/Dominica)"
    },
    {
        "value": "America\/Edmonton",
        "label": "UTC-06:00 (America\/Edmonton)"
    },
    {
        "value": "America\/Eirunepe",
        "label": "UTC-05:00 (America\/Eirunepe)"
    },
    {
        "value": "America\/El_Salvador",
        "label": "UTC-06:00 (America\/El_Salvador)"
    },
    {
        "value": "America\/Fort_Nelson",
        "label": "UTC-07:00 (America\/Fort_Nelson)"
    },
    {
        "value": "America\/Fortaleza",
        "label": "UTC-03:00 (America\/Fortaleza)"
    },
    {
        "value": "America\/Glace_Bay",
        "label": "UTC-03:00 (America\/Glace_Bay)"
    },
    {
        "value": "America\/Goose_Bay",
        "label": "UTC-03:00 (America\/Goose_Bay)"
    },
    {
        "value": "America\/Grand_Turk",
        "label": "UTC-04:00 (America\/Grand_Turk)"
    },
    {
        "value": "America\/Grenada",
        "label": "UTC-04:00 (America\/Grenada)"
    },
    {
        "value": "America\/Guadeloupe",
        "label": "UTC-04:00 (America\/Guadeloupe)"
    },
    {
        "value": "America\/Guatemala",
        "label": "UTC-06:00 (America\/Guatemala)"
    },
    {
        "value": "America\/Guayaquil",
        "label": "UTC-05:00 (America\/Guayaquil)"
    },
    {
        "value": "America\/Guyana",
        "label": "UTC-04:00 (America\/Guyana)"
    },
    {
        "value": "America\/Halifax",
        "label": "UTC-03:00 (America\/Halifax)"
    },
    {
        "value": "America\/Havana",
        "label": "UTC-04:00 (America\/Havana)"
    },
    {
        "value": "America\/Hermosillo",
        "label": "UTC-07:00 (America\/Hermosillo)"
    },
    {
        "value": "America\/Indiana\/Indianapolis",
        "label": "UTC-04:00 (America\/Indiana\/Indianapolis)"
    },
    {
        "value": "America\/Indiana\/Knox",
        "label": "UTC-05:00 (America\/Indiana\/Knox)"
    },
    {
        "value": "America\/Indiana\/Marengo",
        "label": "UTC-04:00 (America\/Indiana\/Marengo)"
    },
    {
        "value": "America\/Indiana\/Petersburg",
        "label": "UTC-04:00 (America\/Indiana\/Petersburg)"
    },
    {
        "value": "America\/Indiana\/Tell_City",
        "label": "UTC-05:00 (America\/Indiana\/Tell_City)"
    },
    {
        "value": "America\/Indiana\/Vevay",
        "label": "UTC-04:00 (America\/Indiana\/Vevay)"
    },
    {
        "value": "America\/Indiana\/Vincennes",
        "label": "UTC-04:00 (America\/Indiana\/Vincennes)"
    },
    {
        "value": "America\/Indiana\/Winamac",
        "label": "UTC-04:00 (America\/Indiana\/Winamac)"
    },
    {
        "value": "America\/Inuvik",
        "label": "UTC-06:00 (America\/Inuvik)"
    },
    {
        "value": "America\/Iqaluit",
        "label": "UTC-04:00 (America\/Iqaluit)"
    },
    {
        "value": "America\/Jamaica",
        "label": "UTC-05:00 (America\/Jamaica)"
    },
    {
        "value": "America\/Juneau",
        "label": "UTC-08:00 (America\/Juneau)"
    },
    {
        "value": "America\/Kentucky\/Louisville",
        "label": "UTC-04:00 (America\/Kentucky\/Louisville)"
    },
    {
        "value": "America\/Kentucky\/Monticello",
        "label": "UTC-04:00 (America\/Kentucky\/Monticello)"
    },
    {
        "value": "America\/Kralendijk",
        "label": "UTC-04:00 (America\/Kralendijk)"
    },
    {
        "value": "America\/La_Paz",
        "label": "UTC-04:00 (America\/La_Paz)"
    },
    {
        "value": "America\/Lima",
        "label": "UTC-05:00 (America\/Lima)"
    },
    {
        "value": "America\/Los_Angeles",
        "label": "UTC-07:00 (America\/Los_Angeles)"
    },
    {
        "value": "America\/Lower_Princes",
        "label": "UTC-04:00 (America\/Lower_Princes)"
    },
    {
        "value": "America\/Maceio",
        "label": "UTC-03:00 (America\/Maceio)"
    },
    {
        "value": "America\/Managua",
        "label": "UTC-06:00 (America\/Managua)"
    },
    {
        "value": "America\/Manaus",
        "label": "UTC-04:00 (America\/Manaus)"
    },
    {
        "value": "America\/Marigot",
        "label": "UTC-04:00 (America\/Marigot)"
    },
    {
        "value": "America\/Martinique",
        "label": "UTC-04:00 (America\/Martinique)"
    },
    {
        "value": "America\/Matamoros",
        "label": "UTC-05:00 (America\/Matamoros)"
    },
    {
        "value": "America\/Mazatlan",
        "label": "UTC-07:00 (America\/Mazatlan)"
    },
    {
        "value": "America\/Menominee",
        "label": "UTC-05:00 (America\/Menominee)"
    },
    {
        "value": "America\/Merida",
        "label": "UTC-06:00 (America\/Merida)"
    },
    {
        "value": "America\/Metlakatla",
        "label": "UTC-08:00 (America\/Metlakatla)"
    },
    {
        "value": "America\/Mexico_City",
        "label": "UTC-06:00 (America\/Mexico_City)"
    },
    {
        "value": "America\/Miquelon",
        "label": "UTC-02:00 (America\/Miquelon)"
    },
    {
        "value": "America\/Moncton",
        "label": "UTC-03:00 (America\/Moncton)"
    },
    {
        "value": "America\/Monterrey",
        "label": "UTC-06:00 (America\/Monterrey)"
    },
    {
        "value": "America\/Montevideo",
        "label": "UTC-03:00 (America\/Montevideo)"
    },
    {
        "value": "America\/Montserrat",
        "label": "UTC-04:00 (America\/Montserrat)"
    },
    {
        "value": "America\/Nassau",
        "label": "UTC-04:00 (America\/Nassau)"
    },
    {
        "value": "America\/New_York",
        "label": "UTC-04:00 (America\/New_York)"
    },
    {
        "value": "America\/Nome",
        "label": "UTC-08:00 (America\/Nome)"
    },
    {
        "value": "America\/Noronha",
        "label": "UTC-02:00 (America\/Noronha)"
    },
    {
        "value": "America\/North_Dakota\/Beulah",
        "label": "UTC-05:00 (America\/North_Dakota\/Beulah)"
    },
    {
        "value": "America\/North_Dakota\/Center",
        "label": "UTC-05:00 (America\/North_Dakota\/Center)"
    },
    {
        "value": "America\/North_Dakota\/New_Salem",
        "label": "UTC-05:00 (America\/North_Dakota\/New_Salem)"
    },
    {
        "value": "America\/Nuuk",
        "label": "UTC-01:00 (America\/Nuuk)"
    },
    {
        "value": "America\/Ojinaga",
        "label": "UTC-05:00 (America\/Ojinaga)"
    },
    {
        "value": "America\/Panama",
        "label": "UTC-05:00 (America\/Panama)"
    },
    {
        "value": "America\/Paramaribo",
        "label": "UTC-03:00 (America\/Paramaribo)"
    },
    {
        "value": "America\/Phoenix",
        "label": "UTC-07:00 (America\/Phoenix)"
    },
    {
        "value": "America\/Port-au-Prince",
        "label": "UTC-04:00 (America\/Port-au-Prince)"
    },
    {
        "value": "America\/Port_of_Spain",
        "label": "UTC-04:00 (America\/Port_of_Spain)"
    },
    {
        "value": "America\/Porto_Velho",
        "label": "UTC-04:00 (America\/Porto_Velho)"
    },
    {
        "value": "America\/Puerto_Rico",
        "label": "UTC-04:00 (America\/Puerto_Rico)"
    },
    {
        "value": "America\/Punta_Arenas",
        "label": "UTC-03:00 (America\/Punta_Arenas)"
    },
    {
        "value": "America\/Rankin_Inlet",
        "label": "UTC-05:00 (America\/Rankin_Inlet)"
    },
    {
        "value": "America\/Recife",
        "label": "UTC-03:00 (America\/Recife)"
    },
    {
        "value": "America\/Regina",
        "label": "UTC-06:00 (America\/Regina)"
    },
    {
        "value": "America\/Resolute",
        "label": "UTC-05:00 (America\/Resolute)"
    },
    {
        "value": "America\/Rio_Branco",
        "label": "UTC-05:00 (America\/Rio_Branco)"
    },
    {
        "value": "America\/Santarem",
        "label": "UTC-03:00 (America\/Santarem)"
    },
    {
        "value": "America\/Santiago",
        "label": "UTC-03:00 (America\/Santiago)"
    },
    {
        "value": "America\/Santo_Domingo",
        "label": "UTC-04:00 (America\/Santo_Domingo)"
    },
    {
        "value": "America\/Sao_Paulo",
        "label": "UTC-03:00 (America\/Sao_Paulo)"
    },
    {
        "value": "America\/Scoresbysund",
        "label": "UTC-01:00 (America\/Scoresbysund)"
    },
    {
        "value": "America\/Sitka",
        "label": "UTC-08:00 (America\/Sitka)"
    },
    {
        "value": "America\/St_Barthelemy",
        "label": "UTC-04:00 (America\/St_Barthelemy)"
    },
    {
        "value": "America\/St_Johns",
        "label": "UTC-03:30 (America\/St_Johns)"
    },
    {
        "value": "America\/St_Kitts",
        "label": "UTC-04:00 (America\/St_Kitts)"
    },
    {
        "value": "America\/St_Lucia",
        "label": "UTC-04:00 (America\/St_Lucia)"
    },
    {
        "value": "America\/St_Thomas",
        "label": "UTC-04:00 (America\/St_Thomas)"
    },
    {
        "value": "America\/St_Vincent",
        "label": "UTC-04:00 (America\/St_Vincent)"
    },
    {
        "value": "America\/Swift_Current",
        "label": "UTC-06:00 (America\/Swift_Current)"
    },
    {
        "value": "America\/Tegucigalpa",
        "label": "UTC-06:00 (America\/Tegucigalpa)"
    },
    {
        "value": "America\/Thule",
        "label": "UTC-03:00 (America\/Thule)"
    },
    {
        "value": "America\/Tijuana",
        "label": "UTC-07:00 (America\/Tijuana)"
    },
    {
        "value": "America\/Toronto",
        "label": "UTC-04:00 (America\/Toronto)"
    },
    {
        "value": "America\/Tortola",
        "label": "UTC-04:00 (America\/Tortola)"
    },
    {
        "value": "America\/Vancouver",
        "label": "UTC-07:00 (America\/Vancouver)"
    },
    {
        "value": "America\/Whitehorse",
        "label": "UTC-07:00 (America\/Whitehorse)"
    },
    {
        "value": "America\/Winnipeg",
        "label": "UTC-05:00 (America\/Winnipeg)"
    },
    {
        "value": "America\/Yakutat",
        "label": "UTC-08:00 (America\/Yakutat)"
    },
    {
        "value": "Antarctica\/Casey",
        "label": "UTC+08:00 (Antarctica\/Casey)"
    },
    {
        "value": "Antarctica\/Davis",
        "label": "UTC+07:00 (Antarctica\/Davis)"
    },
    {
        "value": "Antarctica\/DumontDUrville",
        "label": "UTC+10:00 (Antarctica\/DumontDUrville)"
    },
    {
        "value": "Antarctica\/Macquarie",
        "label": "UTC+10:00 (Antarctica\/Macquarie)"
    },
    {
        "value": "Antarctica\/Mawson",
        "label": "UTC+05:00 (Antarctica\/Mawson)"
    },
    {
        "value": "Antarctica\/McMurdo",
        "label": "UTC+13:00 (Antarctica\/McMurdo)"
    },
    {
        "value": "Antarctica\/Palmer",
        "label": "UTC-03:00 (Antarctica\/Palmer)"
    },
    {
        "value": "Antarctica\/Rothera",
        "label": "UTC-03:00 (Antarctica\/Rothera)"
    },
    {
        "value": "Antarctica\/Syowa",
        "label": "UTC+03:00 (Antarctica\/Syowa)"
    },
    {
        "value": "Antarctica\/Troll",
        "label": "UTC+02:00 (Antarctica\/Troll)"
    },
    {
        "value": "Antarctica\/Vostok",
        "label": "UTC+05:00 (Antarctica\/Vostok)"
    },
    {
        "value": "Arctic\/Longyearbyen",
        "label": "UTC+02:00 (Arctic\/Longyearbyen)"
    },
    {
        "value": "Asia\/Aden",
        "label": "UTC+03:00 (Asia\/Aden)"
    },
    {
        "value": "Asia\/Almaty",
        "label": "UTC+05:00 (Asia\/Almaty)"
    },
    {
        "value": "Asia\/Amman",
        "label": "UTC+03:00 (Asia\/Amman)"
    },
    {
        "value": "Asia\/Anadyr",
        "label": "UTC+12:00 (Asia\/Anadyr)"
    },
    {
        "value": "Asia\/Aqtau",
        "label": "UTC+05:00 (Asia\/Aqtau)"
    },
    {
        "value": "Asia\/Aqtobe",
        "label": "UTC+05:00 (Asia\/Aqtobe)"
    },
    {
        "value": "Asia\/Ashgabat",
        "label": "UTC+05:00 (Asia\/Ashgabat)"
    },
    {
        "value": "Asia\/Atyrau",
        "label": "UTC+05:00 (Asia\/Atyrau)"
    },
    {
        "value": "Asia\/Baghdad",
        "label": "UTC+03:00 (Asia\/Baghdad)"
    },
    {
        "value": "Asia\/Bahrain",
        "label": "UTC+03:00 (Asia\/Bahrain)"
    },
    {
        "value": "Asia\/Baku",
        "label": "UTC+04:00 (Asia\/Baku)"
    },
    {
        "value": "Asia\/Bangkok",
        "label": "UTC+07:00 (Asia\/Bangkok)"
    },
    {
        "value": "Asia\/Barnaul",
        "label": "UTC+07:00 (Asia\/Barnaul)"
    },
    {
        "value": "Asia\/Beirut",
        "label": "UTC+03:00 (Asia\/Beirut)"
    },
    {
        "value": "Asia\/Bishkek",
        "label": "UTC+06:00 (Asia\/Bishkek)"
    },
    {
        "value": "Asia\/Brunei",
        "label": "UTC+08:00 (Asia\/Brunei)"
    },
    {
        "value": "Asia\/Chita",
        "label": "UTC+09:00 (Asia\/Chita)"
    },
    {
        "value": "Asia\/Choibalsan",
        "label": "UTC+08:00 (Asia\/Choibalsan)"
    },
    {
        "value": "Asia\/Colombo",
        "label": "UTC+05:30 (Asia\/Colombo)"
    },
    {
        "value": "Asia\/Damascus",
        "label": "UTC+03:00 (Asia\/Damascus)"
    },
    {
        "value": "Asia\/Dhaka",
        "label": "UTC+06:00 (Asia\/Dhaka)"
    },
    {
        "value": "Asia\/Dili",
        "label": "UTC+09:00 (Asia\/Dili)"
    },
    {
        "value": "Asia\/Dubai",
        "label": "UTC+04:00 (Asia\/Dubai)"
    },
    {
        "value": "Asia\/Dushanbe",
        "label": "UTC+05:00 (Asia\/Dushanbe)"
    },
    {
        "value": "Asia\/Famagusta",
        "label": "UTC+03:00 (Asia\/Famagusta)"
    },
    {
        "value": "Asia\/Gaza",
        "label": "UTC+03:00 (Asia\/Gaza)"
    },
    {
        "value": "Asia\/Hebron",
        "label": "UTC+03:00 (Asia\/Hebron)"
    },
    {
        "value": "Asia\/Ho_Chi_Minh",
        "label": "UTC+07:00 (Asia\/Ho_Chi_Minh)"
    },
    {
        "value": "Asia\/Hong_Kong",
        "label": "UTC+08:00 (Asia\/Hong_Kong)"
    },
    {
        "value": "Asia\/Hovd",
        "label": "UTC+07:00 (Asia\/Hovd)"
    },
    {
        "value": "Asia\/Irkutsk",
        "label": "UTC+08:00 (Asia\/Irkutsk)"
    },
    {
        "value": "Asia\/Jakarta",
        "label": "UTC+07:00 (Asia\/Jakarta)"
    },
    {
        "value": "Asia\/Jayapura",
        "label": "UTC+09:00 (Asia\/Jayapura)"
    },
    {
        "value": "Asia\/Jerusalem",
        "label": "UTC+03:00 (Asia\/Jerusalem)"
    },
    {
        "value": "Asia\/Kabul",
        "label": "UTC+04:30 (Asia\/Kabul)"
    },
    {
        "value": "Asia\/Kamchatka",
        "label": "UTC+12:00 (Asia\/Kamchatka)"
    },
    {
        "value": "Asia\/Karachi",
        "label": "UTC+05:00 (Asia\/Karachi)"
    },
    {
        "value": "Asia\/Kathmandu",
        "label": "UTC+05:45 (Asia\/Kathmandu)"
    },
    {
        "value": "Asia\/Khandyga",
        "label": "UTC+09:00 (Asia\/Khandyga)"
    },
    {
        "value": "Asia\/Kolkata",
        "label": "UTC+05:30 (Asia\/Kolkata)"
    },
    {
        "value": "Asia\/Krasnoyarsk",
        "label": "UTC+07:00 (Asia\/Krasnoyarsk)"
    },
    {
        "value": "Asia\/Kuala_Lumpur",
        "label": "UTC+08:00 (Asia\/Kuala_Lumpur)"
    },
    {
        "value": "Asia\/Kuching",
        "label": "UTC+08:00 (Asia\/Kuching)"
    },
    {
        "value": "Asia\/Kuwait",
        "label": "UTC+03:00 (Asia\/Kuwait)"
    },
    {
        "value": "Asia\/Macau",
        "label": "UTC+08:00 (Asia\/Macau)"
    },
    {
        "value": "Asia\/Magadan",
        "label": "UTC+11:00 (Asia\/Magadan)"
    },
    {
        "value": "Asia\/Makassar",
        "label": "UTC+08:00 (Asia\/Makassar)"
    },
    {
        "value": "Asia\/Manila",
        "label": "UTC+08:00 (Asia\/Manila)"
    },
    {
        "value": "Asia\/Muscat",
        "label": "UTC+04:00 (Asia\/Muscat)"
    },
    {
        "value": "Asia\/Nicosia",
        "label": "UTC+03:00 (Asia\/Nicosia)"
    },
    {
        "value": "Asia\/Novokuznetsk",
        "label": "UTC+07:00 (Asia\/Novokuznetsk)"
    },
    {
        "value": "Asia\/Novosibirsk",
        "label": "UTC+07:00 (Asia\/Novosibirsk)"
    },
    {
        "value": "Asia\/Omsk",
        "label": "UTC+06:00 (Asia\/Omsk)"
    },
    {
        "value": "Asia\/Oral",
        "label": "UTC+05:00 (Asia\/Oral)"
    },
    {
        "value": "Asia\/Phnom_Penh",
        "label": "UTC+07:00 (Asia\/Phnom_Penh)"
    },
    {
        "value": "Asia\/Pontianak",
        "label": "UTC+07:00 (Asia\/Pontianak)"
    },
    {
        "value": "Asia\/Pyongyang",
        "label": "UTC+09:00 (Asia\/Pyongyang)"
    },
    {
        "value": "Asia\/Qatar",
        "label": "UTC+03:00 (Asia\/Qatar)"
    },
    {
        "value": "Asia\/Qostanay",
        "label": "UTC+05:00 (Asia\/Qostanay)"
    },
    {
        "value": "Asia\/Qyzylorda",
        "label": "UTC+05:00 (Asia\/Qyzylorda)"
    },
    {
        "value": "Asia\/Riyadh",
        "label": "UTC+03:00 (Asia\/Riyadh)"
    },
    {
        "value": "Asia\/Sakhalin",
        "label": "UTC+11:00 (Asia\/Sakhalin)"
    },
    {
        "value": "Asia\/Samarkand",
        "label": "UTC+05:00 (Asia\/Samarkand)"
    },
    {
        "value": "Asia\/Seoul",
        "label": "UTC+09:00 (Asia\/Seoul)"
    },
    {
        "value": "Asia\/Shanghai",
        "label": "UTC+08:00 (Asia\/Shanghai)"
    },
    {
        "value": "Asia\/Singapore",
        "label": "UTC+08:00 (Asia\/Singapore)"
    },
    {
        "value": "Asia\/Srednekolymsk",
        "label": "UTC+11:00 (Asia\/Srednekolymsk)"
    },
    {
        "value": "Asia\/Taipei",
        "label": "UTC+08:00 (Asia\/Taipei)"
    },
    {
        "value": "Asia\/Tashkent",
        "label": "UTC+05:00 (Asia\/Tashkent)"
    },
    {
        "value": "Asia\/Tbilisi",
        "label": "UTC+04:00 (Asia\/Tbilisi)"
    },
    {
        "value": "Asia\/Tehran",
        "label": "UTC+03:30 (Asia\/Tehran)"
    },
    {
        "value": "Asia\/Thimphu",
        "label": "UTC+06:00 (Asia\/Thimphu)"
    },
    {
        "value": "Asia\/Tokyo",
        "label": "UTC+09:00 (Asia\/Tokyo)"
    },
    {
        "value": "Asia\/Tomsk",
        "label": "UTC+07:00 (Asia\/Tomsk)"
    },
    {
        "value": "Asia\/Ulaanbaatar",
        "label": "UTC+08:00 (Asia\/Ulaanbaatar)"
    },
    {
        "value": "Asia\/Urumqi",
        "label": "UTC+06:00 (Asia\/Urumqi)"
    },
    {
        "value": "Asia\/Ust-Nera",
        "label": "UTC+10:00 (Asia\/Ust-Nera)"
    },
    {
        "value": "Asia\/Vientiane",
        "label": "UTC+07:00 (Asia\/Vientiane)"
    },
    {
        "value": "Asia\/Vladivostok",
        "label": "UTC+10:00 (Asia\/Vladivostok)"
    },
    {
        "value": "Asia\/Yakutsk",
        "label": "UTC+09:00 (Asia\/Yakutsk)"
    },
    {
        "value": "Asia\/Yangon",
        "label": "UTC+06:30 (Asia\/Yangon)"
    },
    {
        "value": "Asia\/Yekaterinburg",
        "label": "UTC+05:00 (Asia\/Yekaterinburg)"
    },
    {
        "value": "Asia\/Yerevan",
        "label": "UTC+04:00 (Asia\/Yerevan)"
    },
    {
        "value": "Atlantic\/Azores",
        "label": "UTC+00:00 (Atlantic\/Azores)"
    },
    {
        "value": "Atlantic\/Bermuda",
        "label": "UTC-03:00 (Atlantic\/Bermuda)"
    },
    {
        "value": "Atlantic\/Canary",
        "label": "UTC+01:00 (Atlantic\/Canary)"
    },
    {
        "value": "Atlantic\/Cape_Verde",
        "label": "UTC-01:00 (Atlantic\/Cape_Verde)"
    },
    {
        "value": "Atlantic\/Faroe",
        "label": "UTC+01:00 (Atlantic\/Faroe)"
    },
    {
        "value": "Atlantic\/Madeira",
        "label": "UTC+01:00 (Atlantic\/Madeira)"
    },
    {
        "value": "Atlantic\/Reykjavik",
        "label": "UTC+00:00 (Atlantic\/Reykjavik)"
    },
    {
        "value": "Atlantic\/South_Georgia",
        "label": "UTC-02:00 (Atlantic\/South_Georgia)"
    },
    {
        "value": "Atlantic\/St_Helena",
        "label": "UTC+00:00 (Atlantic\/St_Helena)"
    },
    {
        "value": "Atlantic\/Stanley",
        "label": "UTC-03:00 (Atlantic\/Stanley)"
    },
    {
        "value": "Australia\/Adelaide",
        "label": "UTC+09:30 (Australia\/Adelaide)"
    },
    {
        "value": "Australia\/Brisbane",
        "label": "UTC+10:00 (Australia\/Brisbane)"
    },
    {
        "value": "Australia\/Broken_Hill",
        "label": "UTC+09:30 (Australia\/Broken_Hill)"
    },
    {
        "value": "Australia\/Darwin",
        "label": "UTC+09:30 (Australia\/Darwin)"
    },
    {
        "value": "Australia\/Eucla",
        "label": "UTC+08:45 (Australia\/Eucla)"
    },
    {
        "value": "Australia\/Hobart",
        "label": "UTC+10:00 (Australia\/Hobart)"
    },
    {
        "value": "Australia\/Lindeman",
        "label": "UTC+10:00 (Australia\/Lindeman)"
    },
    {
        "value": "Australia\/Lord_Howe",
        "label": "UTC+10:30 (Australia\/Lord_Howe)"
    },
    {
        "value": "Australia\/Melbourne",
        "label": "UTC+10:00 (Australia\/Melbourne)"
    },
    {
        "value": "Australia\/Perth",
        "label": "UTC+08:00 (Australia\/Perth)"
    },
    {
        "value": "Australia\/Sydney",
        "label": "UTC+10:00 (Australia\/Sydney)"
    },
    {
        "value": "Europe\/Amsterdam",
        "label": "UTC+02:00 (Europe\/Amsterdam)"
    },
    {
        "value": "Europe\/Andorra",
        "label": "UTC+02:00 (Europe\/Andorra)"
    },
    {
        "value": "Europe\/Astrakhan",
        "label": "UTC+04:00 (Europe\/Astrakhan)"
    },
    {
        "value": "Europe\/Athens",
        "label": "UTC+03:00 (Europe\/Athens)"
    },
    {
        "value": "Europe\/Belgrade",
        "label": "UTC+02:00 (Europe\/Belgrade)"
    },
    {
        "value": "Europe\/Berlin",
        "label": "UTC+02:00 (Europe\/Berlin)"
    },
    {
        "value": "Europe\/Bratislava",
        "label": "UTC+02:00 (Europe\/Bratislava)"
    },
    {
        "value": "Europe\/Brussels",
        "label": "UTC+02:00 (Europe\/Brussels)"
    },
    {
        "value": "Europe\/Bucharest",
        "label": "UTC+03:00 (Europe\/Bucharest)"
    },
    {
        "value": "Europe\/Budapest",
        "label": "UTC+02:00 (Europe\/Budapest)"
    },
    {
        "value": "Europe\/Busingen",
        "label": "UTC+02:00 (Europe\/Busingen)"
    },
    {
        "value": "Europe\/Chisinau",
        "label": "UTC+03:00 (Europe\/Chisinau)"
    },
    {
        "value": "Europe\/Copenhagen",
        "label": "UTC+02:00 (Europe\/Copenhagen)"
    },
    {
        "value": "Europe\/Dublin",
        "label": "UTC+01:00 (Europe\/Dublin)"
    },
    {
        "value": "Europe\/Gibraltar",
        "label": "UTC+02:00 (Europe\/Gibraltar)"
    },
    {
        "value": "Europe\/Guernsey",
        "label": "UTC+01:00 (Europe\/Guernsey)"
    },
    {
        "value": "Europe\/Helsinki",
        "label": "UTC+03:00 (Europe\/Helsinki)"
    },
    {
        "value": "Europe\/Isle_of_Man",
        "label": "UTC+01:00 (Europe\/Isle_of_Man)"
    },
    {
        "value": "Europe\/Istanbul",
        "label": "UTC+03:00 (Europe\/Istanbul)"
    },
    {
        "value": "Europe\/Jersey",
        "label": "UTC+01:00 (Europe\/Jersey)"
    },
    {
        "value": "Europe\/Kaliningrad",
        "label": "UTC+02:00 (Europe\/Kaliningrad)"
    },
    {
        "value": "Europe\/Kirov",
        "label": "UTC+03:00 (Europe\/Kirov)"
    },
    {
        "value": "Europe\/Kyiv",
        "label": "UTC+03:00 (Europe\/Kyiv)"
    },
    {
        "value": "Europe\/Lisbon",
        "label": "UTC+01:00 (Europe\/Lisbon)"
    },
    {
        "value": "Europe\/Ljubljana",
        "label": "UTC+02:00 (Europe\/Ljubljana)"
    },
    {
        "value": "Europe\/London",
        "label": "UTC+01:00 (Europe\/London)"
    },
    {
        "value": "Europe\/Luxembourg",
        "label": "UTC+02:00 (Europe\/Luxembourg)"
    },
    {
        "value": "Europe\/Madrid",
        "label": "UTC+02:00 (Europe\/Madrid)"
    },
    {
        "value": "Europe\/Malta",
        "label": "UTC+02:00 (Europe\/Malta)"
    },
    {
        "value": "Europe\/Mariehamn",
        "label": "UTC+03:00 (Europe\/Mariehamn)"
    },
    {
        "value": "Europe\/Minsk",
        "label": "UTC+03:00 (Europe\/Minsk)"
    },
    {
        "value": "Europe\/Monaco",
        "label": "UTC+02:00 (Europe\/Monaco)"
    },
    {
        "value": "Europe\/Moscow",
        "label": "UTC+03:00 (Europe\/Moscow)"
    },
    {
        "value": "Europe\/Oslo",
        "label": "UTC+02:00 (Europe\/Oslo)"
    },
    {
        "value": "Europe\/Paris",
        "label": "UTC+02:00 (Europe\/Paris)"
    },
    {
        "value": "Europe\/Podgorica",
        "label": "UTC+02:00 (Europe\/Podgorica)"
    },
    {
        "value": "Europe\/Prague",
        "label": "UTC+02:00 (Europe\/Prague)"
    },
    {
        "value": "Europe\/Riga",
        "label": "UTC+03:00 (Europe\/Riga)"
    },
    {
        "value": "Europe\/Rome",
        "label": "UTC+02:00 (Europe\/Rome)"
    },
    {
        "value": "Europe\/Samara",
        "label": "UTC+04:00 (Europe\/Samara)"
    },
    {
        "value": "Europe\/San_Marino",
        "label": "UTC+02:00 (Europe\/San_Marino)"
    },
    {
        "value": "Europe\/Sarajevo",
        "label": "UTC+02:00 (Europe\/Sarajevo)"
    },
    {
        "value": "Europe\/Saratov",
        "label": "UTC+04:00 (Europe\/Saratov)"
    },
    {
        "value": "Europe\/Simferopol",
        "label": "UTC+03:00 (Europe\/Simferopol)"
    },
    {
        "value": "Europe\/Skopje",
        "label": "UTC+02:00 (Europe\/Skopje)"
    },
    {
        "value": "Europe\/Sofia",
        "label": "UTC+03:00 (Europe\/Sofia)"
    },
    {
        "value": "Europe\/Stockholm",
        "label": "UTC+02:00 (Europe\/Stockholm)"
    },
    {
        "value": "Europe\/Tallinn",
        "label": "UTC+03:00 (Europe\/Tallinn)"
    },
    {
        "value": "Europe\/Tirane",
        "label": "UTC+02:00 (Europe\/Tirane)"
    },
    {
        "value": "Europe\/Ulyanovsk",
        "label": "UTC+04:00 (Europe\/Ulyanovsk)"
    },
    {
        "value": "Europe\/Vaduz",
        "label": "UTC+02:00 (Europe\/Vaduz)"
    },
    {
        "value": "Europe\/Vatican",
        "label": "UTC+02:00 (Europe\/Vatican)"
    },
    {
        "value": "Europe\/Vienna",
        "label": "UTC+02:00 (Europe\/Vienna)"
    },
    {
        "value": "Europe\/Vilnius",
        "label": "UTC+03:00 (Europe\/Vilnius)"
    },
    {
        "value": "Europe\/Volgograd",
        "label": "UTC+03:00 (Europe\/Volgograd)"
    },
    {
        "value": "Europe\/Warsaw",
        "label": "UTC+02:00 (Europe\/Warsaw)"
    },
    {
        "value": "Europe\/Zagreb",
        "label": "UTC+02:00 (Europe\/Zagreb)"
    },
    {
        "value": "Europe\/Zurich",
        "label": "UTC+02:00 (Europe\/Zurich)"
    },
    {
        "value": "Indian\/Antananarivo",
        "label": "UTC+03:00 (Indian\/Antananarivo)"
    },
    {
        "value": "Indian\/Chagos",
        "label": "UTC+06:00 (Indian\/Chagos)"
    },
    {
        "value": "Indian\/Christmas",
        "label": "UTC+07:00 (Indian\/Christmas)"
    },
    {
        "value": "Indian\/Cocos",
        "label": "UTC+06:30 (Indian\/Cocos)"
    },
    {
        "value": "Indian\/Comoro",
        "label": "UTC+03:00 (Indian\/Comoro)"
    },
    {
        "value": "Indian\/Kerguelen",
        "label": "UTC+05:00 (Indian\/Kerguelen)"
    },
    {
        "value": "Indian\/Mahe",
        "label": "UTC+04:00 (Indian\/Mahe)"
    },
    {
        "value": "Indian\/Maldives",
        "label": "UTC+05:00 (Indian\/Maldives)"
    },
    {
        "value": "Indian\/Mauritius",
        "label": "UTC+04:00 (Indian\/Mauritius)"
    },
    {
        "value": "Indian\/Mayotte",
        "label": "UTC+03:00 (Indian\/Mayotte)"
    },
    {
        "value": "Indian\/Reunion",
        "label": "UTC+04:00 (Indian\/Reunion)"
    },
    {
        "value": "Pacific\/Apia",
        "label": "UTC+13:00 (Pacific\/Apia)"
    },
    {
        "value": "Pacific\/Auckland",
        "label": "UTC+13:00 (Pacific\/Auckland)"
    },
    {
        "value": "Pacific\/Bougainville",
        "label": "UTC+11:00 (Pacific\/Bougainville)"
    },
    {
        "value": "Pacific\/Chatham",
        "label": "UTC+13:45 (Pacific\/Chatham)"
    },
    {
        "value": "Pacific\/Chuuk",
        "label": "UTC+10:00 (Pacific\/Chuuk)"
    },
    {
        "value": "Pacific\/Easter",
        "label": "UTC-05:00 (Pacific\/Easter)"
    },
    {
        "value": "Pacific\/Efate",
        "label": "UTC+11:00 (Pacific\/Efate)"
    },
    {
        "value": "Pacific\/Fakaofo",
        "label": "UTC+13:00 (Pacific\/Fakaofo)"
    },
    {
        "value": "Pacific\/Fiji",
        "label": "UTC+12:00 (Pacific\/Fiji)"
    },
    {
        "value": "Pacific\/Funafuti",
        "label": "UTC+12:00 (Pacific\/Funafuti)"
    },
    {
        "value": "Pacific\/Galapagos",
        "label": "UTC-06:00 (Pacific\/Galapagos)"
    },
    {
        "value": "Pacific\/Gambier",
        "label": "UTC-09:00 (Pacific\/Gambier)"
    },
    {
        "value": "Pacific\/Guadalcanal",
        "label": "UTC+11:00 (Pacific\/Guadalcanal)"
    },
    {
        "value": "Pacific\/Guam",
        "label": "UTC+10:00 (Pacific\/Guam)"
    },
    {
        "value": "Pacific\/Honolulu",
        "label": "UTC-10:00 (Pacific\/Honolulu)"
    },
    {
        "value": "Pacific\/Kanton",
        "label": "UTC+13:00 (Pacific\/Kanton)"
    },
    {
        "value": "Pacific\/Kiritimati",
        "label": "UTC+14:00 (Pacific\/Kiritimati)"
    },
    {
        "value": "Pacific\/Kosrae",
        "label": "UTC+11:00 (Pacific\/Kosrae)"
    },
    {
        "value": "Pacific\/Kwajalein",
        "label": "UTC+12:00 (Pacific\/Kwajalein)"
    },
    {
        "value": "Pacific\/Majuro",
        "label": "UTC+12:00 (Pacific\/Majuro)"
    },
    {
        "value": "Pacific\/Marquesas",
        "label": "UTC-10:30 (Pacific\/Marquesas)"
    },
    {
        "value": "Pacific\/Midway",
        "label": "UTC-11:00 (Pacific\/Midway)"
    },
    {
        "value": "Pacific\/Nauru",
        "label": "UTC+12:00 (Pacific\/Nauru)"
    },
    {
        "value": "Pacific\/Niue",
        "label": "UTC-11:00 (Pacific\/Niue)"
    },
    {
        "value": "Pacific\/Norfolk",
        "label": "UTC+11:00 (Pacific\/Norfolk)"
    },
    {
        "value": "Pacific\/Noumea",
        "label": "UTC+11:00 (Pacific\/Noumea)"
    },
    {
        "value": "Pacific\/Pago_Pago",
        "label": "UTC-11:00 (Pacific\/Pago_Pago)"
    },
    {
        "value": "Pacific\/Palau",
        "label": "UTC+09:00 (Pacific\/Palau)"
    },
    {
        "value": "Pacific\/Pitcairn",
        "label": "UTC-08:00 (Pacific\/Pitcairn)"
    },
    {
        "value": "Pacific\/Pohnpei",
        "label": "UTC+11:00 (Pacific\/Pohnpei)"
    },
    {
        "value": "Pacific\/Port_Moresby",
        "label": "UTC+10:00 (Pacific\/Port_Moresby)"
    },
    {
        "value": "Pacific\/Rarotonga",
        "label": "UTC-10:00 (Pacific\/Rarotonga)"
    },
    {
        "value": "Pacific\/Saipan",
        "label": "UTC+10:00 (Pacific\/Saipan)"
    },
    {
        "value": "Pacific\/Tahiti",
        "label": "UTC-10:00 (Pacific\/Tahiti)"
    },
    {
        "value": "Pacific\/Tarawa",
        "label": "UTC+12:00 (Pacific\/Tarawa)"
    },
    {
        "value": "Pacific\/Tongatapu",
        "label": "UTC+13:00 (Pacific\/Tongatapu)"
    },
    {
        "value": "Pacific\/Wake",
        "label": "UTC+12:00 (Pacific\/Wake)"
    },
    {
        "value": "Pacific\/Wallis",
        "label": "UTC+12:00 (Pacific\/Wallis)"
    }
]